Order_ID,Order_Date,Ship_Date,Region,Category,Sub_Category,Sales,Quantity,Discount,Profit
ORD-1000,2022-01-01,2022-01-03,Central,Office Supplies,Tables,738.26,5,0.0,153.99
ORD-1001,2022-01-02,2022-01-04,South,Furniture,Chairs,1724.91,4,0.3,-202.7
ORD-1002,2022-01-03,2022-01-05,East,Furniture,Accessories,454.63,1,0.2,0.0
ORD-1003,2022-01-04,2022-01-06,Central,Office Supplies,Accessories,1949.6,7,0.1,168.9
ORD-1004,2022-01-05,2022-01-07,Central,Furniture,Binders,1563.92,3,0.3,-109.63
ORD-1005,2022-01-06,2022-01-08,South,Office Supplies,Tables,246.19,6,0.1,25.97
ORD-1006,2022-01-07,2022-01-09,East,Technology,Storage,1140.24,5,0.0,206.23
ORD-1007,2022-01-08,2022-01-10,East,Furniture,Binders,1971.03,5,0.1,186.11
ORD-1008,2022-01-09,2022-01-11,Central,Technology,Tables,952.71,5,0.1,100.85
ORD-1009,2022-01-10,2022-01-12,West,Office Supplies,Binders,380.57,1,0.3,-29.58
ORD-1010,2022-01-11,2022-01-13,Central,Technology,Storage,979.86,1,0.1,111.76
ORD-1011,2022-01-12,2022-01-14,Central,Technology,Phones,1034.67,3,0.3,-90.34
ORD-1012,2022-01-13,2022-01-15,Central,Office Supplies,Phones,1488.54,4,0.0,181.77
ORD-1013,2022-01-14,2022-01-16,Central,Technology,Phones,1403.71,5,0.3,-138.56
ORD-1014,2022-01-15,2022-01-17,South,Technology,Phones,817.05,2,0.3,-86.22
ORD-1015,2022-01-16,2022-01-18,East,Office Supplies,Chairs,451.69,8,0.2,0.0
ORD-1016,2022-01-17,2022-01-19,South,Technology,Phones,1297.21,2,0.1,142.7
ORD-1017,2022-01-18,2022-01-20,South,Office Supplies,Storage,854.97,9,0.0,193.96
ORD-1018,2022-01-19,2022-01-21,South,Technology,Accessories,281.91,2,0.3,-19.56
ORD-1019,2022-01-20,2022-01-22,Central,Office Supplies,Accessories,1803.13,9,0.0,428.59
ORD-1020,2022-01-21,2022-01-23,West,Office Supplies,Chairs,1388.62,7,0.2,0.0
ORD-1021,2022-01-22,2022-01-24,East,Technology,Phones,1372.7,8,0.1,88.05
ORD-1022,2022-01-23,2022-01-25,West,Technology,Phones,1648.72,2,0.3,-103.7
ORD-1023,2022-01-24,2022-01-26,South,Technology,Phones,1068.73,7,0.1,120.32
ORD-1024,2022-01-25,2022-01-27,South,Furniture,Binders,1633.81,6,0.2,0.0
ORD-1025,2022-01-26,2022-01-28,West,Furniture,Tables,1006.22,4,0.2,0.0
ORD-1026,2022-01-27,2022-01-29,West,Furniture,Binders,153.01,7,0.0,24.73
ORD-1027,2022-01-28,2022-01-30,West,Office Supplies,Tables,822.39,4,0.3,-76.54
ORD-1028,2022-01-29,2022-01-31,South,Technology,Phones,1004.98,2,0.0,112.24
ORD-1029,2022-01-30,2022-02-01,South,Office Supplies,Phones,1446.0,7,0.2,0.0
ORD-1030,2022-01-31,2022-02-02,East,Furniture,Binders,231.03,8,0.1,24.55
ORD-1031,2022-02-01,2022-02-03,East,Technology,Binders,297.24,2,0.0,50.75
ORD-1032,2022-02-02,2022-02-04,South,Office Supplies,Tables,542.09,5,0.0,127.61
ORD-1033,2022-02-03,2022-02-05,West,Technology,Accessories,547.67,1,0.1,43.4
ORD-1034,2022-02-04,2022-02-06,West,Office Supplies,Tables,1469.73,7,0.0,349.47
ORD-1035,2022-02-05,2022-02-07,East,Technology,Binders,516.45,8,0.1,49.97
ORD-1036,2022-02-06,2022-02-08,South,Furniture,Storage,1273.53,6,0.3,-120.26
ORD-1037,2022-02-07,2022-02-09,East,Furniture,Binders,998.66,5,0.1,61.53
ORD-1038,2022-02-08,2022-02-10,East,Technology,Storage,1155.12,6,0.3,-129.07
ORD-1039,2022-02-09,2022-02-11,Central,Office Supplies,Chairs,1679.45,2,0.1,134.23
ORD-1040,2022-02-10,2022-02-12,Central,Furniture,Binders,820.68,1,0.2,0.0
ORD-1041,2022-02-11,2022-02-13,Central,Furniture,Chairs,1546.4,7,0.2,0.0
ORD-1042,2022-02-12,2022-02-14,West,Furniture,Accessories,855.63,7,0.3,-76.31
ORD-1043,2022-02-13,2022-02-15,South,Technology,Tables,720.67,2,0.3,-62.64
ORD-1044,2022-02-14,2022-02-16,South,Technology,Storage,1918.08,2,0.2,0.0
ORD-1045,2022-02-15,2022-02-17,South,Office Supplies,Tables,385.05,1,0.3,-43.25
ORD-1046,2022-02-16,2022-02-18,South,Office Supplies,Chairs,198.87,8,0.1,11.05
ORD-1047,2022-02-17,2022-02-19,Central,Office Supplies,Storage,1546.55,8,0.1,156.52
ORD-1048,2022-02-18,2022-02-20,West,Technology,Tables,155.13,1,0.2,0.0
ORD-1049,2022-02-19,2022-02-21,West,Technology,Binders,1677.42,8,0.0,369.28
ORD-1050,2022-02-20,2022-02-22,Central,Office Supplies,Phones,885.64,9,0.1,95.06
ORD-1051,2022-02-21,2022-02-23,West,Office Supplies,Chairs,1832.72,4,0.3,-161.01
ORD-1052,2022-02-22,2022-02-24,Central,Technology,Tables,1448.64,1,0.0,288.91
ORD-1053,2022-02-23,2022-02-25,South,Office Supplies,Chairs,1228.6,1,0.0,176.93
ORD-1054,2022-02-24,2022-02-26,Central,Furniture,Chairs,1899.63,3,0.1,157.63
ORD-1055,2022-02-25,2022-02-27,South,Technology,Storage,805.37,5,0.1,86.59
ORD-1056,2022-02-26,2022-02-28,South,Office Supplies,Storage,1909.09,5,0.0,313.66
ORD-1057,2022-02-27,2022-03-01,East,Technology,Phones,287.3,9,0.0,43.12
ORD-1058,2022-02-28,2022-03-02,Central,Furniture,Binders,977.83,2,0.2,0.0
ORD-1059,2022-03-01,2022-03-03,East,Technology,Chairs,554.42,2,0.3,-59.86
ORD-1060,2022-03-02,2022-03-04,Central,Technology,Tables,1088.89,6,0.2,0.0
ORD-1061,2022-03-03,2022-03-05,Central,Technology,Accessories,340.79,9,0.1,21.18
ORD-1062,2022-03-04,2022-03-06,East,Technology,Chairs,1686.23,1,0.2,0.0
ORD-1063,2022-03-05,2022-03-07,East,Furniture,Chairs,1695.89,9,0.2,0.0
ORD-1064,2022-03-06,2022-03-08,Central,Technology,Phones,1911.37,9,0.2,0.0
ORD-1065,2022-03-07,2022-03-09,West,Technology,Binders,326.25,9,0.2,0.0
ORD-1066,2022-03-08,2022-03-10,South,Office Supplies,Accessories,1254.2,5,0.3,-75.17
ORD-1067,2022-03-09,2022-03-11,East,Technology,Storage,958.99,9,0.3,-71.31
ORD-1068,2022-03-10,2022-03-12,South,Office Supplies,Storage,701.88,4,0.0,114.44
ORD-1069,2022-03-11,2022-03-13,West,Furniture,Tables,716.05,2,0.1,73.34
ORD-1070,2022-03-12,2022-03-14,West,Furniture,Accessories,837.33,6,0.2,0.0
ORD-1071,2022-03-13,2022-03-15,West,Furniture,Storage,1415.75,4,0.0,264.65
ORD-1072,2022-03-14,2022-03-16,East,Furniture,Tables,1204.61,6,0.0,179.89
ORD-1073,2022-03-15,2022-03-17,West,Office Supplies,Binders,930.17,3,0.0,202.59
ORD-1074,2022-03-16,2022-03-18,East,Technology,Tables,170.35,6,0.3,-14.14
ORD-1075,2022-03-17,2022-03-19,West,Furniture,Storage,173.98,2,0.2,0.0
ORD-1076,2022-03-18,2022-03-20,South,Technology,Phones,24.63,2,0.2,0.0
ORD-1077,2022-03-19,2022-03-21,South,Office Supplies,Phones,1936.04,9,0.1,113.91
ORD-1078,2022-03-20,2022-03-22,Central,Office Supplies,Phones,30.4,7,0.2,0.0
ORD-1079,2022-03-21,2022-03-23,South,Office Supplies,Storage,224.13,3,0.2,0.0
ORD-1080,2022-03-22,2022-03-24,Central,Furniture,Phones,642.9,1,0.0,126.06
ORD-1081,2022-03-23,2022-03-25,South,Technology,Accessories,1618.71,8,0.1,88.83
ORD-1082,2022-03-24,2022-03-26,East,Technology,Binders,1924.96,6,0.2,0.0
ORD-1083,2022-03-25,2022-03-27,South,Technology,Tables,1584.23,7,0.3,-174.11
ORD-1084,2022-03-26,2022-03-28,Central,Office Supplies,Tables,1387.31,9,0.2,0.0
ORD-1085,2022-03-27,2022-03-29,Central,Furniture,Storage,1052.18,5,0.0,228.52
ORD-1086,2022-03-28,2022-03-30,West,Office Supplies,Phones,191.68,1,0.3,-13.33
ORD-1087,2022-03-29,2022-03-31,East,Office Supplies,Phones,1917.18,7,0.0,364.27
ORD-1088,2022-03-30,2022-04-01,South,Technology,Chairs,1521.62,5,0.2,0.0
ORD-1089,2022-03-31,2022-04-02,West,Office Supplies,Binders,1285.12,3,0.3,-110.37
ORD-1090,2022-04-01,2022-04-03,South,Technology,Accessories,1522.89,9,0.1,108.69
ORD-1091,2022-04-02,2022-04-04,South,Furniture,Tables,1453.72,1,0.1,94.32
ORD-1092,2022-04-03,2022-04-05,West,Technology,Chairs,1281.72,1,0.3,-67.06
ORD-1093,2022-04-04,2022-04-06,West,Furniture,Chairs,1961.54,1,0.3,-139.81
ORD-1094,2022-04-05,2022-04-07,West,Technology,Storage,1808.66,3,0.0,346.25
ORD-1095,2022-04-06,2022-04-08,West,Office Supplies,Tables,1300.4,6,0.3,-150.43
ORD-1096,2022-04-07,2022-04-09,West,Office Supplies,Storage,1392.49,3,0.0,309.09
ORD-1097,2022-04-08,2022-04-10,South,Furniture,Accessories,122.16,8,0.2,0.0
ORD-1098,2022-04-09,2022-04-11,West,Furniture,Chairs,1346.44,2,0.0,283.27
ORD-1099,2022-04-10,2022-04-12,East,Furniture,Chairs,107.45,9,0.3,-10.37
ORD-1100,2022-04-11,2022-04-13,Central,Technology,Binders,1184.76,3,0.3,-80.82
ORD-1101,2022-04-12,2022-04-14,West,Technology,Accessories,1998.72,5,0.2,0.0
ORD-1102,2022-04-13,2022-04-15,West,Furniture,Chairs,1120.5,8,0.3,-108.63
ORD-1103,2022-04-14,2022-04-16,South,Office Supplies,Accessories,956.96,2,0.3,-85.39
ORD-1104,2022-04-15,2022-04-17,West,Technology,Tables,639.45,6,0.1,36.94
ORD-1105,2022-04-16,2022-04-18,West,Technology,Phones,258.63,5,0.1,21.03
ORD-1106,2022-04-17,2022-04-19,West,Technology,Chairs,1467.43,9,0.2,0.0
ORD-1107,2022-04-18,2022-04-20,South,Furniture,Binders,401.35,5,0.0,88.71
ORD-1108,2022-04-19,2022-04-21,West,Furniture,Tables,248.26,2,0.1,21.91
ORD-1109,2022-04-20,2022-04-22,Central,Furniture,Accessories,855.09,5,0.0,131.05
ORD-1110,2022-04-21,2022-04-23,South,Furniture,Storage,1594.78,4,0.3,-188.78
ORD-1111,2022-04-22,2022-04-24,Central,Furniture,Tables,1495.23,7,0.1,86.35
ORD-1112,2022-04-23,2022-04-25,South,Office Supplies,Chairs,128.67,6,0.2,0.0
ORD-1113,2022-04-24,2022-04-26,West,Office Supplies,Accessories,921.18,2,0.2,0.0
ORD-1114,2022-04-25,2022-04-27,Central,Furniture,Phones,1054.42,5,0.2,0.0
ORD-1115,2022-04-26,2022-04-28,South,Technology,Tables,1296.2,7,0.1,148.11
ORD-1116,2022-04-27,2022-04-29,East,Furniture,Chairs,1307.33,7,0.0,181.99
ORD-1117,2022-04-28,2022-04-30,West,Office Supplies,Binders,742.1,5,0.3,-81.69
ORD-1118,2022-04-29,2022-05-01,South,Office Supplies,Storage,1130.14,9,0.0,159.25
ORD-1119,2022-04-30,2022-05-02,East,Technology,Accessories,972.5,4,0.0,221.25
ORD-1120,2022-05-01,2022-05-03,South,Office Supplies,Tables,1772.3,3,0.3,-182.15
ORD-1121,2022-05-02,2022-05-04,East,Furniture,Tables,1069.92,4,0.3,-113.78
ORD-1122,2022-05-03,2022-05-05,West,Technology,Phones,893.24,5,0.1,45.79
ORD-1123,2022-05-04,2022-05-06,Central,Furniture,Phones,820.88,6,0.1,96.37
ORD-1124,2022-05-05,2022-05-07,East,Furniture,Binders,1153.41,3,0.1,116.34
ORD-1125,2022-05-06,2022-05-08,South,Technology,Storage,1611.87,2,0.1,114.98
ORD-1126,2022-05-07,2022-05-09,West,Furniture,Binders,1086.03,4,0.1,117.35
ORD-1127,2022-05-08,2022-05-10,East,Office Supplies,Chairs,1330.08,5,0.3,-92.72
ORD-1128,2022-05-09,2022-05-11,South,Furniture,Chairs,1480.95,4,0.0,329.05
ORD-1129,2022-05-10,2022-05-12,South,Technology,Binders,1049.93,3,0.1,60.77
ORD-1130,2022-05-11,2022-05-13,South,Technology,Storage,865.1,8,0.1,85.87
ORD-1131,2022-05-12,2022-05-14,East,Technology,Binders,1755.8,4,0.0,308.49
ORD-1132,2022-05-13,2022-05-15,East,Furniture,Storage,846.66,2,0.1,48.05
ORD-1133,2022-05-14,2022-05-16,East,Technology,Storage,934.65,2,0.0,125.12
ORD-1134,2022-05-15,2022-05-17,Central,Technology,Accessories,1980.88,1,0.0,201.53
ORD-1135,2022-05-16,2022-05-18,East,Furniture,Storage,20.47,4,0.3,-1.7
ORD-1136,2022-05-17,2022-05-19,East,Office Supplies,Phones,387.24,9,0.2,0.0
ORD-1137,2022-05-18,2022-05-20,East,Furniture,Storage,780.25,7,0.3,-71.69
ORD-1138,2022-05-19,2022-05-21,Central,Technology,Storage,1866.53,7,0.2,0.0
ORD-1139,2022-05-20,2022-05-22,East,Technology,Storage,158.66,7,0.2,0.0
ORD-1140,2022-05-21,2022-05-23,South,Furniture,Chairs,38.78,8,0.2,0.0
ORD-1141,2022-05-22,2022-05-24,East,Office Supplies,Phones,124.31,1,0.1,6.63
ORD-1142,2022-05-23,2022-05-25,South,Technology,Phones,195.32,8,0.3,-22.11
ORD-1143,2022-05-24,2022-05-26,South,Technology,Binders,94.44,4,0.2,0.0
ORD-1144,2022-05-25,2022-05-27,South,Technology,Accessories,969.97,4,0.0,187.68
ORD-1145,2022-05-26,2022-05-28,Central,Furniture,Storage,1169.9,4,0.1,107.08
ORD-1146,2022-05-27,2022-05-29,Central,Technology,Tables,557.94,6,0.3,-62.75
ORD-1147,2022-05-28,2022-05-30,Central,Office Supplies,Accessories,808.61,7,0.2,0.0
ORD-1148,2022-05-29,2022-05-31,East,Technology,Accessories,201.56,6,0.0,22.38
ORD-1149,2022-05-30,2022-06-01,South,Technology,Phones,686.01,1,0.3,-45.8
ORD-1150,2022-05-31,2022-06-02,Central,Office Supplies,Accessories,1054.59,8,0.3,-111.39
ORD-1151,2022-06-01,2022-06-03,Central,Technology,Storage,1469.9,7,0.1,77.06
ORD-1152,2022-06-02,2022-06-04,East,Furniture,Storage,26.63,6,0.3,-2.42
ORD-1153,2022-06-03,2022-06-05,Central,Furniture,Chairs,945.28,6,0.1,113.13
ORD-1154,2022-06-04,2022-06-06,East,Furniture,Storage,608.07,5,0.2,0.0
ORD-1155,2022-06-05,2022-06-07,West,Office Supplies,Storage,1708.59,6,0.1,147.8
ORD-1156,2022-06-06,2022-06-08,Central,Technology,Phones,1436.8,9,0.0,156.48
ORD-1157,2022-06-07,2022-06-09,West,Furniture,Storage,1186.43,9,0.1,128.37
ORD-1158,2022-06-08,2022-06-10,East,Office Supplies,Chairs,568.99,8,0.0,104.61
ORD-1159,2022-06-09,2022-06-11,South,Technology,Tables,1822.47,9,0.1,105.79
ORD-1160,2022-06-10,2022-06-12,Central,Office Supplies,Phones,109.3,8,0.3,-6.18
ORD-1161,2022-06-11,2022-06-13,East,Furniture,Tables,236.75,8,0.2,0.0
ORD-1162,2022-06-12,2022-06-14,South,Furniture,Phones,795.43,1,0.0,154.07
ORD-1163,2022-06-13,2022-06-15,South,Furniture,Binders,266.39,5,0.1,28.78
ORD-1164,2022-06-14,2022-06-16,West,Office Supplies,Accessories,1913.7,4,0.1,213.43
ORD-1165,2022-06-15,2022-06-17,East,Office Supplies,Binders,1600.02,2,0.1,144.04
ORD-1166,2022-06-16,2022-06-18,South,Furniture,Storage,532.79,8,0.3,-45.94
ORD-1167,2022-06-17,2022-06-19,Central,Office Supplies,Tables,1185.34,3,0.3,-94.98
ORD-1168,2022-06-18,2022-06-20,Central,Furniture,Storage,1965.01,4,0.0,283.69
ORD-1169,2022-06-19,2022-06-21,West,Furniture,Accessories,1770.71,7,0.0,284.81
ORD-1170,2022-06-20,2022-06-22,South,Technology,Phones,1209.58,9,0.3,-126.0
ORD-1171,2022-06-21,2022-06-23,East,Office Supplies,Accessories,1809.37,2,0.0,333.41
ORD-1172,2022-06-22,2022-06-24,Central,Furniture,Chairs,1978.59,3,0.2,0.0
ORD-1173,2022-06-23,2022-06-25,South,Furniture,Accessories,1491.84,4,0.2,0.0
ORD-1174,2022-06-24,2022-06-26,South,Office Supplies,Chairs,148.67,1,0.3,-13.75
ORD-1175,2022-06-25,2022-06-27,West,Technology,Accessories,815.13,7,0.0,153.56
ORD-1176,2022-06-26,2022-06-28,Central,Technology,Chairs,1678.89,2,0.1,153.48
ORD-1177,2022-06-27,2022-06-29,Central,Furniture,Tables,476.53,5,0.2,0.0
ORD-1178,2022-06-28,2022-06-30,East,Office Supplies,Storage,1664.67,1,0.3,-110.9
ORD-1179,2022-06-29,2022-07-01,Central,Technology,Storage,258.27,3,0.0,44.35
ORD-1180,2022-06-30,2022-07-02,East,Office Supplies,Binders,112.95,2,0.3,-6.47
ORD-1181,2022-07-01,2022-07-03,Central,Office Supplies,Storage,780.5,1,0.1,60.03
ORD-1182,2022-07-02,2022-07-04,West,Furniture,Phones,92.73,7,0.2,0.0
ORD-1183,2022-07-03,2022-07-05,Central,Technology,Accessories,1915.4,5,0.3,-183.22
ORD-1184,2022-07-04,2022-07-06,East,Furniture,Binders,1655.89,1,0.3,-192.97
ORD-1185,2022-07-05,2022-07-07,East,Technology,Phones,1605.52,6,0.3,-147.78
ORD-1186,2022-07-06,2022-07-08,West,Technology,Phones,1266.96,5,0.1,129.3
ORD-1187,2022-07-07,2022-07-09,Central,Technology,Chairs,448.32,3,0.3,-38.3
ORD-1188,2022-07-08,2022-07-10,Central,Technology,Storage,1046.16,7,0.1,98.74
ORD-1189,2022-07-09,2022-07-11,West,Technology,Tables,1202.6,9,0.1,66.1
ORD-1190,2022-07-10,2022-07-12,Central,Office Supplies,Tables,1059.56,9,0.1,71.85
ORD-1191,2022-07-11,2022-07-13,Central,Furniture,Binders,535.26,9,0.2,0.0
ORD-1192,2022-07-12,2022-07-14,East,Office Supplies,Tables,1040.19,2,0.2,0.0
ORD-1193,2022-07-13,2022-07-15,Central,Technology,Accessories,992.55,3,0.3,-52.8
ORD-1194,2022-07-14,2022-07-16,Central,Furniture,Tables,1992.74,7,0.3,-119.17
ORD-1195,2022-07-15,2022-07-17,West,Technology,Binders,1796.92,5,0.2,0.0
ORD-1196,2022-07-16,2022-07-18,West,Furniture,Tables,937.49,2,0.0,221.26
ORD-1197,2022-07-17,2022-07-19,South,Office Supplies,Accessories,1253.42,3,0.2,0.0
ORD-1198,2022-07-18,2022-07-20,East,Furniture,Chairs,1500.79,6,0.1,125.68
ORD-1199,2022-07-19,2022-07-21,Central,Furniture,Binders,89.03,7,0.2,0.0
ORD-1200,2022-07-20,2022-07-22,Central,Furniture,Chairs,1791.94,9,0.1,166.21
ORD-1201,2022-07-21,2022-07-23,South,Furniture,Chairs,1723.05,1,0.3,-120.01
ORD-1202,2022-07-22,2022-07-24,Central,Furniture,Chairs,925.72,7,0.0,119.4
ORD-1203,2022-07-23,2022-07-25,East,Technology,Phones,794.52,8,0.3,-68.46
ORD-1204,2022-07-24,2022-07-26,South,Furniture,Storage,560.46,3,0.1,28.24
ORD-1205,2022-07-25,2022-07-27,East,Furniture,Phones,963.82,4,0.1,48.71
ORD-1206,2022-07-26,2022-07-28,South,Office Supplies,Storage,107.87,6,0.1,7.05
ORD-1207,2022-07-27,2022-07-29,South,Furniture,Chairs,1707.34,7,0.0,179.51
ORD-1208,2022-07-28,2022-07-30,West,Office Supplies,Binders,90.14,4,0.2,0.0
ORD-1209,2022-07-29,2022-07-31,East,Technology,Storage,671.52,8,0.3,-49.5
ORD-1210,2022-07-30,2022-08-01,Central,Furniture,Accessories,1864.55,5,0.3,-197.98
ORD-1211,2022-07-31,2022-08-02,Central,Office Supplies,Accessories,1475.72,1,0.2,0.0
ORD-1212,2022-08-01,2022-08-03,East,Office Supplies,Tables,577.15,4,0.3,-49.57
ORD-1213,2022-08-02,2022-08-04,Central,Technology,Storage,520.25,3,0.0,73.4
ORD-1214,2022-08-03,2022-08-05,Central,Furniture,Binders,30.06,9,0.3,-3.46
ORD-1215,2022-08-04,2022-08-06,East,Furniture,Phones,1397.51,8,0.1,108.71
ORD-1216,2022-08-05,2022-08-07,South,Office Supplies,Chairs,116.59,1,0.2,0.0
ORD-1217,2022-08-06,2022-08-08,East,Furniture,Tables,1074.55,6,0.0,200.28
ORD-1218,2022-08-07,2022-08-09,South,Office Supplies,Accessories,1925.0,9,0.2,0.0
ORD-1219,2022-08-08,2022-08-10,Central,Furniture,Phones,236.75,7,0.0,35.12
ORD-1220,2022-08-09,2022-08-11,Central,Office Supplies,Phones,1791.07,4,0.1,153.17
ORD-1221,2022-08-10,2022-08-12,Central,Furniture,Chairs,1983.12,1,0.2,0.0
ORD-1222,2022-08-11,2022-08-13,West,Technology,Storage,141.8,2,0.3,-11.99
ORD-1223,2022-08-12,2022-08-14,South,Furniture,Accessories,1768.15,5,0.0,350.65
ORD-1224,2022-08-13,2022-08-15,West,Furniture,Binders,1041.84,5,0.2,0.0
ORD-1225,2022-08-14,2022-08-16,West,Technology,Phones,1814.9,8,0.3,-107.45
ORD-1226,2022-08-15,2022-08-17,East,Furniture,Chairs,1151.21,6,0.2,0.0
ORD-1227,2022-08-16,2022-08-18,West,Technology,Binders,1330.98,8,0.2,0.0
ORD-1228,2022-08-17,2022-08-19,East,Furniture,Storage,1096.68,2,0.2,0.0
ORD-1229,2022-08-18,2022-08-20,East,Office Supplies,Accessories,1731.7,3,0.0,272.82
ORD-1230,2022-08-19,2022-08-21,West,Office Supplies,Storage,1473.14,6,0.3,-167.25
ORD-1231,2022-08-20,2022-08-22,South,Furniture,Phones,1052.1,3,0.1,105.19
ORD-1232,2022-08-21,2022-08-23,South,Furniture,Binders,1738.96,6,0.0,321.89
ORD-1233,2022-08-22,2022-08-24,South,Furniture,Binders,505.67,6,0.0,72.47
ORD-1234,2022-08-23,2022-08-25,South,Office Supplies,Binders,331.53,2,0.0,71.39
ORD-1235,2022-08-24,2022-08-26,South,Furniture,Phones,337.59,7,0.1,39.45
ORD-1236,2022-08-25,2022-08-27,West,Office Supplies,Phones,681.34,2,0.3,-73.23
ORD-1237,2022-08-26,2022-08-28,West,Technology,Storage,492.61,6,0.3,-24.68
ORD-1238,2022-08-27,2022-08-29,Central,Office Supplies,Tables,1861.58,1,0.3,-176.01
ORD-1239,2022-08-28,2022-08-30,South,Office Supplies,Storage,229.55,3,0.2,0.0
ORD-1240,2022-08-29,2022-08-31,West,Technology,Accessories,1404.0,2,0.2,0.0
ORD-1241,2022-08-30,2022-09-01,Central,Office Supplies,Chairs,394.66,7,0.2,0.0
ORD-1242,2022-08-31,2022-09-02,South,Furniture,Binders,1765.64,4,0.1,162.91
ORD-1243,2022-09-01,2022-09-03,East,Furniture,Tables,1923.4,8,0.2,0.0
ORD-1244,2022-09-02,2022-09-04,Central,Office Supplies,Chairs,941.63,6,0.1,54.63
ORD-1245,2022-09-03,2022-09-05,West,Furniture,Tables,1760.56,4,0.3,-135.33
ORD-1246,2022-09-04,2022-09-06,East,Office Supplies,Storage,30.19,5,0.2,0.0
ORD-1247,2022-09-05,2022-09-07,East,Furniture,Phones,1643.49,9,0.2,0.0
ORD-1248,2022-09-06,2022-09-08,East,Furniture,Binders,472.68,7,0.0,55.28
ORD-1249,2022-09-07,2022-09-09,Central,Office Supplies,Storage,1819.23,9,0.1,144.31
ORD-1250,2022-09-08,2022-09-10,West,Furniture,Chairs,22.22,7,0.3,-2.28
ORD-1251,2022-09-09,2022-09-11,East,Office Supplies,Chairs,1121.24,1,0.0,123.27
ORD-1252,2022-09-10,2022-09-12,South,Furniture,Chairs,1518.14,8,0.0,168.86
ORD-1253,2022-09-11,2022-09-13,East,Furniture,Chairs,532.2,4,0.3,-39.83
ORD-1254,2022-09-12,2022-09-14,East,Technology,Chairs,402.4,3,0.0,93.29
ORD-1255,2022-09-13,2022-09-15,Central,Technology,Tables,186.51,7,0.1,18.05
ORD-1256,2022-09-14,2022-09-16,Central,Office Supplies,Storage,666.34,3,0.1,64.97
ORD-1257,2022-09-15,2022-09-17,West,Technology,Binders,1128.49,8,0.2,0.0
ORD-1258,2022-09-16,2022-09-18,South,Office Supplies,Phones,249.37,6,0.0,45.66
ORD-1259,2022-09-17,2022-09-19,Central,Technology,Phones,765.86,5,0.2,0.0
ORD-1260,2022-09-18,2022-09-20,East,Furniture,Storage,37.96,4,0.0,7.18
ORD-1261,2022-09-19,2022-09-21,West,Office Supplies,Storage,1640.99,8,0.1,186.96
ORD-1262,2022-09-20,2022-09-22,East,Office Supplies,Phones,274.33,8,0.1,25.48
ORD-1263,2022-09-21,2022-09-23,East,Furniture,Phones,581.02,1,0.1,64.59
ORD-1264,2022-09-22,2022-09-24,Central,Office Supplies,Tables,56.49,9,0.0,11.37
ORD-1265,2022-09-23,2022-09-25,West,Office Supplies,Accessories,875.84,5,0.1,51.18
ORD-1266,2022-09-24,2022-09-26,South,Technology,Binders,1683.44,4,0.0,381.04
ORD-1267,2022-09-25,2022-09-27,South,Office Supplies,Chairs,796.46,6,0.2,0.0
ORD-1268,2022-09-26,2022-09-28,Central,Furniture,Accessories,375.4,6,0.0,65.6
ORD-1269,2022-09-27,2022-09-29,Central,Technology,Storage,1512.32,2,0.2,0.0
ORD-1270,2022-09-28,2022-09-30,West,Technology,Phones,1581.84,8,0.0,160.78
ORD-1271,2022-09-29,2022-10-01,South,Furniture,Accessories,364.03,7,0.2,0.0
ORD-1272,2022-09-30,2022-10-02,South,Furniture,Binders,1546.29,1,0.1,109.25
ORD-1273,2022-10-01,2022-10-03,South,Technology,Storage,1895.65,5,0.2,0.0
ORD-1274,2022-10-02,2022-10-04,East,Office Supplies,Chairs,349.43,6,0.1,31.59
ORD-1275,2022-10-03,2022-10-05,South,Technology,Chairs,1546.55,4,0.1,82.06
ORD-1276,2022-10-04,2022-10-06,East,Furniture,Binders,1422.97,2,0.2,0.0
ORD-1277,2022-10-05,2022-10-07,West,Technology,Binders,957.68,4,0.0,170.67
ORD-1278,2022-10-06,2022-10-08,East,Furniture,Phones,134.68,1,0.0,19.94
ORD-1279,2022-10-07,2022-10-09,West,Technology,Chairs,167.89,7,0.3,-16.96
ORD-1280,2022-10-08,2022-10-10,South,Office Supplies,Storage,1707.78,2,0.0,326.73
ORD-1281,2022-10-09,2022-10-11,South,Technology,Accessories,1980.49,2,0.3,-216.25
ORD-1282,2022-10-10,2022-10-12,West,Technology,Storage,1358.58,9,0.0,267.57
ORD-1283,2022-10-11,2022-10-13,Central,Furniture,Tables,903.0,5,0.0,144.65
ORD-1284,2022-10-12,2022-10-14,West,Furniture,Tables,1302.2,2,0.1,126.45
ORD-1285,2022-10-13,2022-10-15,Central,Furniture,Binders,1196.9,9,0.3,-82.92
ORD-1286,2022-10-14,2022-10-16,East,Technology,Phones,779.55,9,0.0,111.39
ORD-1287,2022-10-15,2022-10-17,East,Office Supplies,Tables,149.94,1,0.3,-15.78
ORD-1288,2022-10-16,2022-10-18,East,Furniture,Chairs,1646.6,3,0.1,133.79
ORD-1289,2022-10-17,2022-10-19,South,Furniture,Storage,756.23,4,0.1,80.07
ORD-1290,2022-10-18,2022-10-20,East,Technology,Storage,1641.2,7,0.3,-176.54
ORD-1291,2022-10-19,2022-10-21,Central,Furniture,Binders,519.97,4,0.1,57.21
ORD-1292,2022-10-20,2022-10-22,East,Office Supplies,Accessories,22.04,2,0.2,0.0
ORD-1293,2022-10-21,2022-10-23,West,Office Supplies,Binders,334.7,7,0.2,0.0
ORD-1294,2022-10-22,2022-10-24,West,Furniture,Accessories,947.71,6,0.1,68.54
ORD-1295,2022-10-23,2022-10-25,South,Furniture,Binders,1889.72,3,0.2,0.0
ORD-1296,2022-10-24,2022-10-26,West,Technology,Binders,222.34,6,0.0,33.79
ORD-1297,2022-10-25,2022-10-27,Central,Office Supplies,Binders,1711.34,6,0.3,-157.57
ORD-1298,2022-10-26,2022-10-28,East,Office Supplies,Accessories,1063.51,5,0.0,211.41
ORD-1299,2022-10-27,2022-10-29,South,Furniture,Accessories,1655.32,4,0.3,-162.53
ORD-1300,2022-10-28,2022-10-30,East,Technology,Binders,610.78,1,0.1,46.55
ORD-1301,2022-10-29,2022-10-31,East,Office Supplies,Tables,1683.1,6,0.0,207.63
ORD-1302,2022-10-30,2022-11-01,Central,Office Supplies,Phones,1550.19,2,0.1,124.23
ORD-1303,2022-10-31,2022-11-02,West,Technology,Phones,475.51,3,0.1,28.52
ORD-1304,2022-11-01,2022-11-03,West,Technology,Phones,280.04,8,0.3,-31.45
ORD-1305,2022-11-02,2022-11-04,East,Office Supplies,Accessories,1738.75,6,0.3,-129.04
ORD-1306,2022-11-03,2022-11-05,South,Office Supplies,Accessories,1927.21,3,0.3,-117.2
ORD-1307,2022-11-04,2022-11-06,West,Technology,Tables,81.98,7,0.0,8.49
ORD-1308,2022-11-05,2022-11-07,South,Office Supplies,Phones,1467.91,4,0.2,0.0
ORD-1309,2022-11-06,2022-11-08,West,Furniture,Phones,1820.86,9,0.3,-172.22
ORD-1310,2022-11-07,2022-11-09,South,Furniture,Binders,1717.57,5,0.3,-126.83
ORD-1311,2022-11-08,2022-11-10,Central,Technology,Accessories,1929.75,3,0.0,212.35
ORD-1312,2022-11-09,2022-11-11,South,Technology,Phones,1524.99,2,0.3,-119.98
ORD-1313,2022-11-10,2022-11-12,Central,Technology,Storage,895.75,2,0.0,128.6
ORD-1314,2022-11-11,2022-11-13,Central,Furniture,Tables,637.66,3,0.1,62.11
ORD-1315,2022-11-12,2022-11-14,South,Office Supplies,Storage,655.07,2,0.3,-60.53
ORD-1316,2022-11-13,2022-11-15,Central,Furniture,Storage,1454.36,4,0.3,-109.84
ORD-1317,2022-11-14,2022-11-16,East,Office Supplies,Tables,1496.76,2,0.1,97.67
ORD-1318,2022-11-15,2022-11-17,Central,Furniture,Storage,416.71,9,0.1,49.66
ORD-1319,2022-11-16,2022-11-18,West,Office Supplies,Phones,1738.88,2,0.1,142.21
ORD-1320,2022-11-17,2022-11-19,South,Furniture,Accessories,1435.55,9,0.3,-140.94
ORD-1321,2022-11-18,2022-11-20,East,Technology,Tables,1134.25,6,0.2,0.0
ORD-1322,2022-11-19,2022-11-21,South,Furniture,Binders,953.63,1,0.2,0.0
ORD-1323,2022-11-20,2022-11-22,West,Office Supplies,Storage,1095.6,4,0.2,0.0
ORD-1324,2022-11-21,2022-11-23,West,Furniture,Tables,335.31,1,0.3,-28.63
ORD-1325,2022-11-22,2022-11-24,West,Furniture,Chairs,423.33,6,0.1,49.73
ORD-1326,2022-11-23,2022-11-25,Central,Furniture,Chairs,200.51,4,0.3,-15.42
ORD-1327,2022-11-24,2022-11-26,Central,Technology,Accessories,324.24,3,0.1,17.1
ORD-1328,2022-11-25,2022-11-27,South,Furniture,Phones,918.31,3,0.3,-47.91
ORD-1329,2022-11-26,2022-11-28,South,Technology,Accessories,1070.1,9,0.3,-82.57
ORD-1330,2022-11-27,2022-11-29,East,Technology,Accessories,55.37,6,0.1,3.39
ORD-1331,2022-11-28,2022-11-30,East,Furniture,Accessories,1597.66,9,0.2,0.0
ORD-1332,2022-11-29,2022-12-01,South,Furniture,Accessories,602.45,5,0.1,62.01
ORD-1333,2022-11-30,2022-12-02,Central,Furniture,Binders,1825.44,2,0.0,299.72
ORD-1334,2022-12-01,2022-12-03,West,Office Supplies,Binders,1935.67,8,0.0,271.95
ORD-1335,2022-12-02,2022-12-04,South,Furniture,Tables,387.21,5,0.1,43.76
ORD-1336,2022-12-03,2022-12-05,East,Technology,Chairs,934.95,2,0.3,-54.35
ORD-1337,2022-12-04,2022-12-06,Central,Furniture,Accessories,22.44,4,0.0,5.25
ORD-1338,2022-12-05,2022-12-07,South,Office Supplies,Tables,1204.69,9,0.0,173.42
ORD-1339,2022-12-06,2022-12-08,South,Furniture,Chairs,1222.47,4,0.3,-137.15
ORD-1340,2022-12-07,2022-12-09,Central,Office Supplies,Storage,510.13,4,0.3,-47.04
ORD-1341,2022-12-08,2022-12-10,South,Office Supplies,Phones,1125.66,2,0.2,0.0
ORD-1342,2022-12-09,2022-12-11,Central,Furniture,Binders,466.57,6,0.3,-55.47
ORD-1343,2022-12-10,2022-12-12,West,Technology,Storage,338.43,2,0.1,23.75
ORD-1344,2022-12-11,2022-12-13,Central,Office Supplies,Chairs,1310.01,7,0.1,153.64
ORD-1345,2022-12-12,2022-12-14,Central,Furniture,Storage,665.33,3,0.2,0.0
ORD-1346,2022-12-13,2022-12-15,Central,Furniture,Phones,1188.72,3,0.0,183.03
ORD-1347,2022-12-14,2022-12-16,South,Technology,Chairs,877.83,5,0.0,129.62
ORD-1348,2022-12-15,2022-12-17,South,Office Supplies,Storage,1969.02,3,0.3,-173.07
ORD-1349,2022-12-16,2022-12-18,Central,Office Supplies,Binders,316.17,2,0.1,19.22
ORD-1350,2022-12-17,2022-12-19,South,Furniture,Binders,939.91,9,0.0,166.85
ORD-1351,2022-12-18,2022-12-20,East,Furniture,Tables,1367.3,2,0.2,0.0
ORD-1352,2022-12-19,2022-12-21,East,Technology,Storage,803.18,2,0.2,0.0
ORD-1353,2022-12-20,2022-12-22,South,Technology,Accessories,1949.91,8,0.1,211.28
ORD-1354,2022-12-21,2022-12-23,South,Office Supplies,Storage,1449.34,9,0.2,0.0
ORD-1355,2022-12-22,2022-12-24,Central,Office Supplies,Chairs,1320.83,7,0.2,0.0
ORD-1356,2022-12-23,2022-12-25,West,Furniture,Chairs,1518.98,3,0.1,103.52
ORD-1357,2022-12-24,2022-12-26,South,Office Supplies,Storage,1906.24,9,0.3,-121.28
ORD-1358,2022-12-25,2022-12-27,East,Technology,Phones,1817.48,3,0.3,-98.21
ORD-1359,2022-12-26,2022-12-28,Central,Technology,Binders,1454.08,5,0.2,0.0
ORD-1360,2022-12-27,2022-12-29,South,Furniture,Chairs,1503.34,9,0.3,-103.61
ORD-1361,2022-12-28,2022-12-30,East,Technology,Binders,308.93,3,0.3,-36.35
ORD-1362,2022-12-29,2022-12-31,East,Technology,Chairs,223.53,7,0.2,0.0
ORD-1363,2022-12-30,2023-01-01,West,Technology,Tables,1150.39,1,0.3,-85.48
ORD-1364,2022-12-31,2023-01-02,Central,Technology,Accessories,56.37,4,0.2,0.0
ORD-1365,2023-01-01,2023-01-03,Central,Furniture,Chairs,975.07,4,0.0,116.51
ORD-1366,2023-01-02,2023-01-04,West,Furniture,Binders,436.49,7,0.1,35.39
ORD-1367,2023-01-03,2023-01-05,West,Office Supplies,Tables,705.11,8,0.1,66.16
ORD-1368,2023-01-04,2023-01-06,Central,Technology,Chairs,1556.09,1,0.3,-131.06
ORD-1369,2023-01-05,2023-01-07,Central,Office Supplies,Phones,1883.65,5,0.3,-147.16
ORD-1370,2023-01-06,2023-01-08,South,Furniture,Accessories,163.38,7,0.3,-19.54
ORD-1371,2023-01-07,2023-01-09,South,Furniture,Chairs,1077.8,4,0.1,120.31
ORD-1372,2023-01-08,2023-01-10,West,Furniture,Tables,1767.42,4,0.0,331.0
ORD-1373,2023-01-09,2023-01-11,South,Furniture,Phones,183.37,4,0.0,32.95
ORD-1374,2023-01-10,2023-01-12,East,Furniture,Storage,1652.54,6,0.1,154.42
ORD-1375,2023-01-11,2023-01-13,South,Furniture,Tables,728.45,7,0.0,93.38
ORD-1376,2023-01-12,2023-01-14,South,Furniture,Tables,657.75,2,0.1,51.08
ORD-1377,2023-01-13,2023-01-15,East,Technology,Phones,1955.38,5,0.0,206.34
ORD-1378,2023-01-14,2023-01-16,West,Office Supplies,Tables,417.7,4,0.2,0.0
ORD-1379,2023-01-15,2023-01-17,East,Furniture,Phones,1392.52,3,0.2,0.0
ORD-1380,2023-01-16,2023-01-18,South,Technology,Chairs,1646.45,7,0.1,108.57
ORD-1381,2023-01-17,2023-01-19,West,Technology,Phones,101.54,6,0.0,23.86
ORD-1382,2023-01-18,2023-01-20,South,Office Supplies,Phones,1347.36,7,0.3,-153.14
ORD-1383,2023-01-19,2023-01-21,East,Furniture,Accessories,1904.07,5,0.0,382.91
ORD-1384,2023-01-20,2023-01-22,East,Office Supplies,Phones,265.96,6,0.2,0.0
ORD-1385,2023-01-21,2023-01-23,South,Furniture,Phones,1794.52,5,0.2,0.0
ORD-1386,2023-01-22,2023-01-24,Central,Technology,Storage,1197.66,7,0.0,141.67
ORD-1387,2023-01-23,2023-01-25,Central,Technology,Chairs,1240.88,2,0.0,261.42
ORD-1388,2023-01-24,2023-01-26,East,Technology,Accessories,1233.63,5,0.3,-72.46
ORD-1389,2023-01-25,2023-01-27,East,Technology,Storage,611.7,6,0.3,-64.59
ORD-1390,2023-01-26,2023-01-28,Central,Office Supplies,Binders,1871.7,6,0.0,259.43
ORD-1391,2023-01-27,2023-01-29,Central,Furniture,Chairs,1895.75,5,0.0,422.36
ORD-1392,2023-01-28,2023-01-30,South,Furniture,Chairs,1258.1,7,0.0,292.09
ORD-1393,2023-01-29,2023-01-31,South,Office Supplies,Binders,1571.18,8,0.0,189.85
ORD-1394,2023-01-30,2023-02-01,Central,Furniture,Phones,1232.27,7,0.1,101.52
ORD-1395,2023-01-31,2023-02-02,South,Technology,Storage,979.11,5,0.0,232.38
ORD-1396,2023-02-01,2023-02-03,South,Furniture,Tables,1328.42,1,0.3,-111.37
ORD-1397,2023-02-02,2023-02-04,West,Technology,Accessories,1114.94,5,0.2,0.0
ORD-1398,2023-02-03,2023-02-05,South,Office Supplies,Tables,1203.0,2,0.1,109.73
ORD-1399,2023-02-04,2023-02-06,East,Furniture,Binders,1571.99,5,0.0,239.8
ORD-1400,2023-02-05,2023-02-07,South,Office Supplies,Chairs,972.19,5,0.2,0.0
ORD-1401,2023-02-06,2023-02-08,South,Furniture,Chairs,100.69,2,0.1,6.47
ORD-1402,2023-02-07,2023-02-09,Central,Technology,Accessories,344.72,5,0.2,0.0
ORD-1403,2023-02-08,2023-02-10,East,Office Supplies,Chairs,888.44,4,0.0,136.92
ORD-1404,2023-02-09,2023-02-11,South,Furniture,Chairs,1455.16,1,0.0,249.67
ORD-1405,2023-02-10,2023-02-12,South,Technology,Accessories,1194.69,3,0.3,-100.91
ORD-1406,2023-02-11,2023-02-13,West,Office Supplies,Storage,1307.58,1,0.0,236.44
ORD-1407,2023-02-12,2023-02-14,South,Office Supplies,Storage,968.97,5,0.0,214.32
ORD-1408,2023-02-13,2023-02-15,South,Furniture,Accessories,1239.17,4,0.1,147.03
ORD-1409,2023-02-14,2023-02-16,West,Furniture,Binders,671.45,7,0.3,-52.73
ORD-1410,2023-02-15,2023-02-17,Central,Furniture,Chairs,950.96,5,0.1,102.63
ORD-1411,2023-02-16,2023-02-18,South,Technology,Chairs,1493.67,4,0.2,0.0
ORD-1412,2023-02-17,2023-02-19,West,Furniture,Binders,1746.23,2,0.0,314.83
ORD-1413,2023-02-18,2023-02-20,East,Office Supplies,Storage,878.64,4,0.2,0.0
ORD-1414,2023-02-19,2023-02-21,Central,Office Supplies,Phones,106.45,2,0.1,6.82
ORD-1415,2023-02-20,2023-02-22,East,Furniture,Phones,340.11,8,0.0,39.21
ORD-1416,2023-02-21,2023-02-23,East,Furniture,Phones,61.31,3,0.0,13.46
ORD-1417,2023-02-22,2023-02-24,West,Office Supplies,Storage,1313.46,9,0.1,106.05
ORD-1418,2023-02-23,2023-02-25,South,Technology,Storage,677.98,4,0.1,74.09
ORD-1419,2023-02-24,2023-02-26,West,Furniture,Binders,1094.11,6,0.1,123.11
ORD-1420,2023-02-25,2023-02-27,West,Furniture,Chairs,996.69,5,0.1,54.19
ORD-1421,2023-02-26,2023-02-28,West,Office Supplies,Binders,181.42,1,0.1,20.29
ORD-1422,2023-02-27,2023-03-01,West,Furniture,Binders,818.46,9,0.0,133.22
ORD-1423,2023-02-28,2023-03-02,Central,Technology,Storage,456.71,1,0.1,39.15
ORD-1424,2023-03-01,2023-03-03,South,Office Supplies,Phones,848.43,8,0.0,159.27
ORD-1425,2023-03-02,2023-03-04,East,Furniture,Tables,423.08,9,0.0,97.18
ORD-1426,2023-03-03,2023-03-05,East,Office Supplies,Chairs,1684.1,9,0.1,86.46
ORD-1427,2023-03-04,2023-03-06,South,Furniture,Storage,364.9,1,0.1,30.43
ORD-1428,2023-03-05,2023-03-07,East,Furniture,Phones,1922.35,2,0.3,-188.66
ORD-1429,2023-03-06,2023-03-08,South,Furniture,Tables,843.5,1,0.0,169.69
ORD-1430,2023-03-07,2023-03-09,East,Technology,Tables,1695.57,2,0.1,166.98
ORD-1431,2023-03-08,2023-03-10,West,Technology,Storage,1264.95,8,0.1,75.15
ORD-1432,2023-03-09,2023-03-11,East,Office Supplies,Accessories,1475.99,5,0.1,104.73
ORD-1433,2023-03-10,2023-03-12,South,Furniture,Chairs,1540.09,7,0.3,-115.68
ORD-1434,2023-03-11,2023-03-13,South,Furniture,Tables,1019.59,2,0.3,-108.39
ORD-1435,2023-03-12,2023-03-14,South,Technology,Storage,1095.74,8,0.2,0.0
ORD-1436,2023-03-13,2023-03-15,South,Furniture,Storage,1037.71,6,0.0,134.38
ORD-1437,2023-03-14,2023-03-16,South,Technology,Phones,1184.36,8,0.2,0.0
ORD-1438,2023-03-15,2023-03-17,Central,Furniture,Accessories,78.2,1,0.1,3.96
ORD-1439,2023-03-16,2023-03-18,Central,Office Supplies,Chairs,803.12,1,0.3,-96.25
ORD-1440,2023-03-17,2023-03-19,East,Furniture,Binders,1220.25,7,0.3,-118.82
ORD-1441,2023-03-18,2023-03-20,South,Furniture,Phones,1203.49,8,0.2,0.0
ORD-1442,2023-03-19,2023-03-21,East,Technology,Tables,1590.05,3,0.3,-112.29
ORD-1443,2023-03-20,2023-03-22,South,Furniture,Tables,1316.92,5,0.1,67.17
ORD-1444,2023-03-21,2023-03-23,South,Furniture,Phones,1984.42,1,0.3,-201.72
ORD-1445,2023-03-22,2023-03-24,Central,Technology,Storage,582.03,7,0.2,0.0
ORD-1446,2023-03-23,2023-03-25,Central,Office Supplies,Tables,731.12,5,0.1,74.45
ORD-1447,2023-03-24,2023-03-26,West,Office Supplies,Accessories,780.02,8,0.2,0.0
ORD-1448,2023-03-25,2023-03-27,Central,Technology,Chairs,942.31,8,0.3,-96.81
ORD-1449,2023-03-26,2023-03-28,West,Technology,Accessories,1675.28,9,0.2,0.0
ORD-1450,2023-03-27,2023-03-29,West,Technology,Tables,486.87,7,0.2,0.0
ORD-1451,2023-03-28,2023-03-30,West,Technology,Binders,1556.48,1,0.0,322.59
ORD-1452,2023-03-29,2023-03-31,West,Technology,Chairs,822.51,3,0.3,-89.83
ORD-1453,2023-03-30,2023-04-01,West,Office Supplies,Chairs,1211.67,8,0.3,-112.63
ORD-1454,2023-03-31,2023-04-02,East,Office Supplies,Phones,1272.43,3,0.2,0.0
ORD-1455,2023-04-01,2023-04-03,Central,Technology,Phones,758.24,8,0.0,127.59
ORD-1456,2023-04-02,2023-04-04,West,Furniture,Binders,1034.98,1,0.3,-57.37
ORD-1457,2023-04-03,2023-04-05,South,Technology,Storage,837.8,5,0.1,65.79
ORD-1458,2023-04-04,2023-04-06,Central,Furniture,Chairs,156.88,4,0.2,0.0
ORD-1459,2023-04-05,2023-04-07,Central,Technology,Binders,885.59,5,0.3,-48.37
ORD-1460,2023-04-06,2023-04-08,West,Technology,Phones,212.84,8,0.1,15.84
ORD-1461,2023-04-07,2023-04-09,East,Office Supplies,Phones,821.94,4,0.3,-47.48
ORD-1462,2023-04-08,2023-04-10,West,Furniture,Chairs,1193.98,4,0.1,127.25
ORD-1463,2023-04-09,2023-04-11,East,Furniture,Accessories,1167.24,3,0.2,0.0
ORD-1464,2023-04-10,2023-04-12,South,Office Supplies,Tables,1331.99,7,0.3,-73.34
ORD-1465,2023-04-11,2023-04-13,Central,Office Supplies,Phones,208.62,3,0.3,-24.38
ORD-1466,2023-04-12,2023-04-14,South,Office Supplies,Storage,1311.2,3,0.0,227.05
ORD-1467,2023-04-13,2023-04-15,East,Office Supplies,Storage,638.05,5,0.2,0.0
ORD-1468,2023-04-14,2023-04-16,East,Furniture,Phones,810.11,5,0.1,44.86
ORD-1469,2023-04-15,2023-04-17,South,Furniture,Accessories,1718.81,6,0.3,-146.17
ORD-1470,2023-04-16,2023-04-18,East,Technology,Accessories,37.88,8,0.3,-4.0
ORD-1471,2023-04-17,2023-04-19,South,Technology,Binders,1185.06,6,0.1,117.91
ORD-1472,2023-04-18,2023-04-20,Central,Office Supplies,Storage,1205.45,1,0.2,0.0
ORD-1473,2023-04-19,2023-04-21,South,Office Supplies,Binders,805.39,8,0.0,88.76
ORD-1474,2023-04-20,2023-04-22,Central,Office Supplies,Storage,489.32,8,0.0,76.53
ORD-1475,2023-04-21,2023-04-23,South,Technology,Tables,484.65,9,0.3,-34.25
ORD-1476,2023-04-22,2023-04-24,East,Technology,Tables,1769.75,9,0.1,117.28
ORD-1477,2023-04-23,2023-04-25,South,Technology,Chairs,895.21,2,0.3,-62.37
ORD-1478,2023-04-24,2023-04-26,East,Technology,Binders,675.16,2,0.1,71.73
ORD-1479,2023-04-25,2023-04-27,South,Technology,Phones,908.58,3,0.0,209.06
ORD-1480,2023-04-26,2023-04-28,South,Technology,Binders,1345.39,1,0.2,0.0
ORD-1481,2023-04-27,2023-04-29,West,Technology,Phones,308.6,4,0.1,35.0
ORD-1482,2023-04-28,2023-04-30,East,Office Supplies,Accessories,909.88,4,0.0,131.94
ORD-1483,2023-04-29,2023-05-01,West,Office Supplies,Binders,1184.01,9,0.3,-98.69
ORD-1484,2023-04-30,2023-05-02,East,Office Supplies,Accessories,1898.2,9,0.1,124.94
ORD-1485,2023-05-01,2023-05-03,West,Office Supplies,Tables,520.01,9,0.2,0.0
ORD-1486,2023-05-02,2023-05-04,Central,Technology,Tables,731.32,7,0.3,-86.68
ORD-1487,2023-05-03,2023-05-05,South,Furniture,Chairs,771.13,2,0.3,-71.13
ORD-1488,2023-05-04,2023-05-06,East,Technology,Binders,1218.97,5,0.0,182.96
ORD-1489,2023-05-05,2023-05-07,East,Furniture,Accessories,726.33,4,0.1,69.25
ORD-1490,2023-05-06,2023-05-08,South,Office Supplies,Phones,1076.35,8,0.3,-63.08
ORD-1491,2023-05-07,2023-05-09,East,Technology,Tables,1567.94,2,0.2,0.0
ORD-1492,2023-05-08,2023-05-10,East,Office Supplies,Tables,1416.66,6,0.1,120.72
ORD-1493,2023-05-09,2023-05-11,West,Technology,Phones,903.81,5,0.2,0.0
ORD-1494,2023-05-10,2023-05-12,East,Office Supplies,Accessories,1731.15,2,0.3,-157.55
ORD-1495,2023-05-11,2023-05-13,Central,Furniture,Accessories,1125.12,1,0.2,0.0
ORD-1496,2023-05-12,2023-05-14,Central,Furniture,Binders,1089.01,8,0.0,119.84
ORD-1497,2023-05-13,2023-05-15,South,Furniture,Binders,87.69,2,0.2,0.0
ORD-1498,2023-05-14,2023-05-16,East,Technology,Storage,1973.65,7,0.1,132.11
ORD-1499,2023-05-15,2023-05-17,South,Furniture,Storage,263.48,9,0.2,0.0
